<component name="ProjectRunConfigurationManager">
  <configuration default="false" name="Attach to CrowPi  Debugger" type="Remote">
    <option name="USE_SOCKET_TRANSPORT" value="true" />
    <option name="SERVER_MODE" value="false" />
    <option name="SHMEM_ADDRESS" />
    <option name="HOST" value="crowpi.local" />
    <option name="PORT" value="5005" />
    <option name="AUTO_RESTART" value="false" />
    <RunnerSettings RunnerId="Debug">
      <option name="DEBUG_PORT" value="5005" />
      <option name="LOCAL" value="false" />
    </RunnerSettings>
    <method v="2" />
  </configuration>
</component>